state,age_0_5,age_5_17,age_18_greater
Andaman & Nicobar Islands,479,32,0
Andhra Pradesh,112430,13727,1478
Arunachal Pradesh,1957,2236,151
Assam,140724,65105,22126
Bihar,262537,333758,11590
Chandigarh,2476,211,36
Chhattisgarh,82453,18769,1997
Dadra & Nagar Haveli,3035,3163,1294
Daman & Diu,2349,2844,1521
Delhi,69002,22194,2965
Goa,1916,254,163
Gujarat,192629,71056,16252
Haryana,87944,9031,1077
Himachal Pradesh,16639,661,186
Jammu & Kashmir,40539,8022,535
Jharkhand,98551,57539,1449
Karnataka,179011,33696,9907
Kerala,53737,18590,2675
Ladakh,466,133,18
Lakshadweep,192,10,1
Madhya Pradesh,367785,116282,9545
Maharashtra,278602,82005,8127
Manipur,5140,8053,263
Meghalaya,20967,53188,34775
Mizoram,4136,1295,495
Nagaland,4512,9953,1122
Odisha,95883,22216,739
Orissa,3548,601,0
Pondicherry,2778,195,44
Punjab,61106,12322,3138
Rajasthan,229739,113087,5538
Sikkim,1054,1047,106
Tamil Nadu,182301,37215,1239
Telangana,105918,24505,1151
Tripura,7376,3654,255
Uttar Pradesh,519985,476951,17424
Uttarakhand,31694,5403,290
West Bengal,275375,91380,8464
