state,inclusion_risk_index,risk_category
Meghalaya,0.8575258543098699,High Risk
Daman & Diu,0.5330153199320072,High Risk
Nagaland,0.46187531380888935,High Risk
Manipur,0.4328630249178464,High Risk
Bihar,0.4308101617019754,High Risk
Arunachal Pradesh,0.42514640161025824,High Risk
Sikkim,0.40922685965863287,High Risk
Uttar Pradesh,0.4043678180302819,High Risk
Tripura,0.4013010016487588,High Risk
Jharkhand,0.3977804423738452,Moderate Risk
Dadra & Nagar Haveli,0.3963603252739412,Moderate Risk
Gujarat,0.38841787304773473,Moderate Risk
Delhi,0.38523928033880367,Moderate Risk
Kerala,0.38479476158570675,Moderate Risk
Rajasthan,0.3821196741056041,Moderate Risk
Andhra Pradesh,0.3775202924114287,Moderate Risk
Maharashtra,0.3771188017994554,Moderate Risk
Chhattisgarh,0.374397725765602,Moderate Risk
Mizoram,0.37388350884228233,Moderate Risk
Punjab,0.370687260518845,Moderate Risk
Assam,0.37050977985983374,Moderate Risk
Odisha,0.3696233490091946,Moderate Risk
Haryana,0.36526090911696735,Moderate Risk
Uttarakhand,0.36221821869928345,Moderate Risk
Goa,0.3578459287137564,Moderate Risk
Jammu & Kashmir,0.35726370239918337,Moderate Risk
Karnataka,0.3524489316249479,Low Risk
Madhya Pradesh,0.3466253424513959,Low Risk
Andaman & Nicobar Islands,0.3462283069077565,Low Risk
Himachal Pradesh,0.34490864231853247,Low Risk
West Bengal,0.3371886830694622,Low Risk
Tamil Nadu,0.32716034574609293,Low Risk
Pondicherry,0.3224859321818072,Low Risk
Chandigarh,0.29042183968370083,Low Risk
Lakshadweep,0.21066613893390854,Low Risk
