Country/States/UT,Population Growth Rate
Andaman & Nicobar Islands,0.2
Andhra Pradesh,3.5
Arunachal Pradesh,9.1
Assam,9.3
Bihar,14.4
Chandigarh,0.9
Chhattisgarh,11.3
Daman & Diu,6.6
Delhi,18.3
Goa,0.5
Gujarat,12
Haryana,12
Himachal Pradesh,5
Jammu & Kashmir,7.2
Jharkhand,12.5
Karnataka,6.2
Kerala,4
Lakshadweep,0
Madhya Pradesh,11.8
Maharashtra,7.7
Manipur,9.1
Meghalaya,9.1
Mizoram,9.1
Nagaland,9.1
Odisha,6.3
Pondicherry,2.1
Punjab,6.4
Rajasthan,10.7
Sikkim,9.1
Tamil Nadu,3
Telangana,3.5
Tripura,9.1
Uttar Pradesh,10.1
Uttarakhand,10.1
West Bengal,4.8
Dadra & Nagar Haveli,2
